current;current_err;meting
0.049;0.000824;1
0.1;0.00164;2
0.15;0.00244;3
0.199;0.003224;4
0.249;0.004024;5
0.249;0.004024;6
0.301;0.004856;7
0.351;0.005656;8
0.401;0.01802;9
0.401;0.01802;10
0.451;0.01902;11
0.499;0.01998;12
0.549;0.02098;13
0.6;0.022;14
0.649;0.02298;15
0.7;0.024;16
0.749;0.02498;17
